{
  "MI(L2|L1)": 0.14835073839443566,
  "MI(L3|L1+L2)": 0.1847129960582449,
  "MI(L2|metadata)": 0.1396861423623469
}