{
  "map_at_12": 0.001308,
  "hr_at_12": 0.016069,
  "ndcg_at_12": 0.002839,
  "mrr": 0.004924
}