{
  "map_at_12": 0.001917,
  "hr_at_12": 0.029886,
  "ndcg_at_12": 0.004531,
  "mrr": 0.009449
}