{
  "map_at_12": 0.003783,
  "hr_at_12": 0.044994,
  "ndcg_at_12": 0.008122,
  "mrr": 0.015481
}