{
  "map_at_12": 0.003036,
  "hr_at_12": 0.033901,
  "ndcg_at_12": 0.006319,
  "mrr": 0.012228
}