{
  "mode": "base",
  "stage1_backbone": "dcnv2",
  "top_k": 100,
  "n_features": 24,
  "n_train_samples": 29349600,
  "n_val_samples": 7337500,
  "best_iteration": 1,
  "val_auc": 0.7159272800264693,
  "map_at_12": 0.004054511055699169,
  "hr_at_12": 0.05578527602345239,
  "ndcg_at_12": 0.009461828702117349,
  "mrr": 0.017233645667345796,
  "top_features": [
    [
      "i_total_purchases",
      690384830.0
    ],
    [
      "i_colour",
      111295904.0
    ],
    [
      "i_product_type",
      90513996.0
    ],
    [
      "cross_price_ratio",
      69278180.0
    ],
    [
      "rank_position",
      45640510.0
    ],
    [
      "i_index",
      35341890.0
    ],
    [
      "i_garment_group",
      26597770.0
    ],
    [
      "i_section",
      23096750.0
    ],
    [
      "u_n_purchases",
      10544900.0
    ],
    [
      "u_days_since_last",
      7755180.0
    ],
    [
      "u_online_ratio",
      3584320.0
    ],
    [
      "stage1_score",
      0.0
    ],
    [
      "gap_to_rank1",
      0.0
    ],
    [
      "u_avg_price",
      0.0
    ],
    [
      "u_price_std",
      0.0
    ],
    [
      "u_n_unique_categories",
      0.0
    ],
    [
      "u_n_unique_colors",
      0.0
    ],
    [
      "u_days_since_first",
      0.0
    ],
    [
      "u_age_group",
      0.0
    ],
    [
      "u_club_status",
      0.0
    ]
  ],
  "total_time_seconds": 11610.97951412201
}